{
 "lang_0_0": 57.886950446632895,
 "lang_0_1": 32.20085547417385,
 "lang_0_10": 54.53846790939379,
 "lang_0_11": 65.9687744104265,
 "lang_0_2": 60.4258934973451,
 "lang_0_3": 57.095567550490685,
 "lang_0_4": 53.880524791286085,
 "lang_0_5": 57.985905910777056,
 "lang_0_6": 58.93473240321256,
 "lang_0_7": 62.90145632451071,
 "lang_0_8": 65.50217287958631,
 "lang_0_9": 64.15209928169149,
 "lang_1_0": 57.74443130732608,
 "lang_1_1": 30.612580953081665,
 "lang_1_10": 21.59880232641922,
 "lang_1_11": 40.72292187274036,
 "lang_1_2": 31.315632570265173,
 "lang_1_3": 37.45477027010671,
 "lang_1_4": 29.27462438000062,
 "lang_1_5": 43.648441228453095,
 "lang_1_6": 49.60323788373398,
 "lang_1_7": 38.54533572597697,
 "lang_1_8": 26.955141648599938,
 "lang_1_9": 21.039846479373104,
 "lang_2_0": 10.809009379790742,
 "lang_2_1": 48.83079182346463,
 "lang_2_10": 61.35595501105231,
 "lang_2_11": 63.67982249851353,
 "lang_2_2": 47.62304032288165,
 "lang_2_3": 61.82921333095715,
 "lang_2_4": 56.638650107547235,
 "lang_2_5": 63.3792769341057,
 "lang_2_6": 40.303526666737234,
 "lang_2_7": 56.07168707580992,
 "lang_2_8": 57.373031423325514,
 "lang_2_9": 52.0815484837212,
 "lang_3_0": 43.25415248354271,
 "lang_3_1": 58.069592221925305,
 "lang_3_10": 49.81998647419115,
 "lang_3_11": 52.32967613958057,
 "lang_3_2": 60.770914116557584,
 "lang_3_3": 55.76736692876216,
 "lang_3_4": 49.86201168544955,
 "lang_3_5": 67.46094322847541,
 "lang_3_6": 58.179485434337394,
 "lang_3_7": 43.68395864266539,
 "lang_3_8": 40.06014245822653,
 "lang_3_9": 56.402622879819376,
 "lang_4_0": 34.272753532828254,
 "lang_4_1": 38.663842450321155,
 "lang_4_10": 9.62685371534389,
 "lang_4_11": 57.025159193529134,
 "lang_4_2": 27.55591837494897,
 "lang_4_3": 45.69171528127267,
 "lang_4_4": 34.92925867141436,
 "lang_4_5": 9.672108329674067,
 "lang_4_6": 20.13638580647732,
 "lang_4_7": 64.11291611744723,
 "lang_4_8": 39.00921795011523,
 "lang_4_9": 56.06685239531807,
 "lang_5_0": 18.724402258178046,
 "lang_5_1": 39.45919006103335,
 "lang_5_10": 48.15768083627593,
 "lang_5_11": 59.288882067878895,
 "lang_5_2": 28.903610458072503,
 "lang_5_3": 49.52425607426089,
 "lang_5_4": 55.022754862961705,
 "lang_5_5": 53.80751577765529,
 "lang_5_6": 50.16244783149851,
 "lang_5_7": 59.253155824376805,
 "lang_5_8": 37.71060960896692,
 "lang_5_9": 50.52739795069355,
 "lang_6_0": 43.769363749627246,
 "lang_6_1": 45.253226018486835,
 "lang_6_10": 42.677348965533206,
 "lang_6_11": 48.34823037668202,
 "lang_6_2": 23.9277103781132,
 "lang_6_3": 35.62824052635298,
 "lang_6_4": 40.13420134888795,
 "lang_6_5": 43.8707068917863,
 "lang_6_6": 37.154349849208295,
 "lang_6_7": 46.59219520867709,
 "lang_6_8": 60.03186625330223,
 "lang_6_9": 56.625509681555336,
 "lang_7_0": 40.0473756606144,
 "lang_7_1": 33.958722054812846,
 "lang_7_10": 62.326978871922954,
 "lang_7_11": 66.05079232117997,
 "lang_7_2": 44.05571329129459,
 "lang_7_3": 52.17025649263514,
 "lang_7_4": 44.931699489197534,
 "lang_7_5": 32.37848915355948,
 "lang_7_6": 51.34168110561138,
 "lang_7_7": 41.53277340309988,
 "lang_7_8": 41.51637547196004,
 "lang_7_9": 58.84141419829843,
 "lang_8_0": 55.45743372849665,
 "lang_8_1": 54.59711722680251,
 "lang_8_10": 59.65342799976761,
 "lang_8_11": 61.85200185885502,
 "lang_8_2": 58.34379437672847,
 "lang_8_3": 62.04663157504644,
 "lang_8_4": 60.742841378929974,
 "lang_8_5": 65.84802907402538,
 "lang_8_6": 56.34979554313457,
 "lang_8_7": 58.71285743584789,
 "lang_8_8": 53.18680372485363,
 "lang_8_9": 57.695403204925334,
 "ll_0_0": 71.92715164063962,
 "ll_0_1": 66.70483611365273,
 "ll_0_10": 71.79789620017806,
 "ll_0_11": 69.17156977588654,
 "ll_0_2": 72.35129184982299,
 "ll_0_3": 74.15182765866246,
 "ll_0_4": 70.75942654616885,
 "ll_0_5": 67.62442399490216,
 "ll_0_6": 71.95175435262324,
 "ll_0_7": 68.87679772674656,
 "ll_0_8": 72.47778573236285,
 "ll_0_9": 72.95468523911677,
 "ll_1_0": 59.66267695410867,
 "ll_1_1": 63.65797101776503,
 "ll_1_10": 60.154418288393515,
 "ll_1_11": 62.21147794766744,
 "ll_1_2": 56.734045903543866,
 "ll_1_3": 60.07588399128624,
 "ll_1_4": 59.61645410527299,
 "ll_1_5": 57.448602042086776,
 "ll_1_6": 66.52825341717416,
 "ll_1_7": 66.96115424424345,
 "ll_1_8": 63.81031113619806,
 "ll_1_9": 66.21793390708817,
 "ll_2_0": 62.28379656006732,
 "ll_2_1": 57.111287734126904,
 "ll_2_10": 55.78737979105402,
 "ll_2_11": 53.845929820579414,
 "ll_2_2": 54.3966673738275,
 "ll_2_3": 59.46154618387955,
 "ll_2_4": 63.25223199076588,
 "ll_2_5": 56.68969787132958,
 "ll_2_6": 54.86637794124821,
 "ll_2_7": 59.81473538421911,
 "ll_2_8": 56.30594600822487,
 "ll_2_9": 56.42907039922129,
 "ll_3_0": 57.36912606104188,
 "ll_3_1": 59.22870823329068,
 "ll_3_10": 68.18386895227304,
 "ll_3_11": 52.49398862130833,
 "ll_3_2": 61.22447982516716,
 "ll_3_3": 61.13938638690903,
 "ll_3_4": 53.44071425424957,
 "ll_3_5": 58.050490119825,
 "ll_3_6": 59.41310042009151,
 "ll_3_7": 58.56471593116974,
 "ll_3_8": 61.90163405800952,
 "ll_3_9": 55.893500709733225,
 "ll_4_0": 65.6423721388857,
 "ll_4_1": 64.75350311813169,
 "ll_4_10": 73.93722995552756,
 "ll_4_11": 68.02740006411919,
 "ll_4_2": 65.8952227375971,
 "ll_4_3": 66.26962509563215,
 "ll_4_4": 69.18651215569801,
 "ll_4_5": 79.1679474226364,
 "ll_4_6": 76.61790415537602,
 "ll_4_7": 68.61589946035146,
 "ll_4_8": 71.12343903900398,
 "ll_4_9": 71.24931742637001,
 "lv_0_0": 59.72100345226245,
 "lv_0_1": 61.510988669133276,
 "lv_0_10": 61.364169768063284,
 "lv_0_11": 61.93316267945386,
 "lv_0_2": 58.02899110105223,
 "lv_0_3": 60.63083385891877,
 "lv_0_4": 62.85368317747399,
 "lv_0_5": 64.49992518639489,
 "lv_0_6": 60.598556207055815,
 "lv_0_7": 64.78811282971897,
 "lv_0_8": 61.77875541945079,
 "lv_0_9": 61.02417338849167,
 "lv_1_0": 54.08047477547463,
 "lv_1_1": 53.4354360730762,
 "lv_1_10": 57.27704526689958,
 "lv_1_11": 56.18780899646462,
 "lv_1_2": 63.43067140057103,
 "lv_1_3": 56.79787315812954,
 "lv_1_4": 54.57851676182679,
 "lv_1_5": 54.941576312645,
 "lv_1_6": 54.15564201693749,
 "lv_1_7": 57.16076585374349,
 "lv_1_8": 61.12433613492599,
 "lv_1_9": 58.65339180404165,
 "lv_2_0": 32.95091161403104,
 "lv_2_1": 33.077557325668,
 "lv_2_10": 33.28677655153187,
 "lv_2_11": 31.257121785441125,
 "lv_2_2": 32.941410500019714,
 "lv_2_3": 31.191090855780804,
 "lv_2_4": 33.177992393842175,
 "lv_2_5": 33.050928962212666,
 "lv_2_6": 29.12358675409885,
 "lv_2_7": 30.303544525433374,
 "lv_2_8": 36.75268309135486,
 "lv_2_9": 33.496031565401815,
 "lv_3_0": 29.92972192844097,
 "lv_3_1": 30.20109839662762,
 "lv_3_10": 30.624913871004235,
 "lv_3_11": 31.57592253101353,
 "lv_3_2": 31.6402798236615,
 "lv_3_3": 32.0596848220364,
 "lv_3_4": 30.777399823178694,
 "lv_3_5": 30.661837732072737,
 "lv_3_6": 31.229590905650777,
 "lv_3_7": 31.78663398370651,
 "lv_3_8": 29.985999171267995,
 "lv_3_9": 31.49471997787935,
 "lv_4_0": 33.54325355796721,
 "lv_4_1": 32.89786395197426,
 "lv_4_10": 41.95902999838909,
 "lv_4_11": 34.753470776123486,
 "lv_4_2": 33.45581592660469,
 "lv_4_3": 33.02560014435403,
 "lv_4_4": 34.31685893967666,
 "lv_4_5": 33.17930721496685,
 "lv_4_6": 33.47033089736749,
 "lv_4_7": 33.44751814372537,
 "lv_4_8": 35.20890651546799,
 "lv_4_9": 32.80822093007621,
 "vis_0_0": 71.06742490497727,
 "vis_0_1": 64.0254694552778,
 "vis_0_10": 69.58409225293596,
 "vis_0_11": 80.81822162509782,
 "vis_0_2": 80.95060447259212,
 "vis_0_3": 73.47533811475876,
 "vis_0_4": 81.18824746516448,
 "vis_0_5": 79.58108950575797,
 "vis_0_6": 69.27880468283173,
 "vis_0_7": 79.21574580640304,
 "vis_0_8": 67.96191928415233,
 "vis_0_9": 70.6789943580224,
 "vis_1_0": 52.210792455038025,
 "vis_1_1": 61.99484724080051,
 "vis_1_10": 70.34206390114811,
 "vis_1_11": 64.04064562419646,
 "vis_1_2": 21.389018722236205,
 "vis_1_3": 62.28560502964522,
 "vis_1_4": 62.17695437472019,
 "vis_1_5": 55.033612596812695,
 "vis_1_6": 38.68175871677348,
 "vis_1_7": 55.09205473886871,
 "vis_1_8": 45.44603332059267,
 "vis_1_9": 63.626061396170364,
 "vis_2_0": 43.01390364413121,
 "vis_2_1": 12.658859925756174,
 "vis_2_10": 63.11977800978736,